Transwarp Manager Warehouse,TBP Manager Warehouse
Transwarp Hadoop Warehouse,TBP Hadoop Warehouse
Transwarp Hyperbase Warehouse,TBP Hyperbase Warehouse
Transwarp Inceptor Realtime,TBP Inceptor Realtime
Transwarp Streaming Realtime,TBP Streaming Realtime
Transwarp Discover Warehouse,TBP Discover Warehouse
Transwarp Holodesk Warehouse,TBP Holodesk Warehouse
Transwarp Search Engine Warehouse,TBP Search Engine Warehouse
Transwarp Studio Warehouse,TBP Studio Warehouse
Transwarp Midas Subscription,TBP Midas Subscription
Transwarp Governor Warehouse,TBP Governor Warehouse
Transwarp Rubik Warehouse,TBP Rubik Warehouse
Transwarp Workflow Warehouse,TBP Workflow Warehouse
Transwarp Transporter Warehouse,TBP Transporter Warehouse
Transwarp Sophon Warehouse,TBP Sophon Warehouse
Transwarp Pilot Warehouse,TBP Pilot Warehouse
Transwarp Waterdrop Warehouse,TBP Waterdrop Warehouse
Transwarp WindRunner Warehouse,TBP WindRunner Warehouse
Transwarp Inceptor GateWay Warehouse,TBP Inceptor GateWay Warehouse
Transwarp Inceptor Evaluation Only Warehouse,TBP Inceptor Evaluation Only Warehouse
Transwarp Sophon AT Warehouse,TBP Sophon AT Warehouse
Transwarp Sophon DL Warehouse,TBP Sophon DL Warehouse
Transwarp Sophon CV Warehouse,TBP Sophon CV Warehouse
Transwarp Sophon KG Warehouse,TBP Sophon KG Warehouse
Transwarp Sophon ST Warehouse,TBP Sophon ST Warehouse
Transwarp Sophon IoT Warehouse,TBP Sophon IoT Warehouse
