Transwarp Manager Warehouse,GBP Manager Warehouse
Transwarp Hadoop Warehouse,GBP Hadoop Warehouse
Transwarp Hyperbase Warehouse,GBP Hyperbase Warehouse
Transwarp Inceptor Realtime,GBP Inceptor Realtime
Transwarp Streaming Realtime,GBP Streaming Realtime
Transwarp Discover Warehouse,GBP Discover Warehouse
Transwarp Holodesk Warehouse,GBP Holodesk Warehouse
Transwarp Search Engine Warehouse,GBP Search Engine Warehouse
Transwarp Studio Warehouse,GBP Studio Warehouse
Transwarp Midas Subscription,GBP Midas Subscription
Transwarp Governor Warehouse,GBP Governor Warehouse
Transwarp Rubik Warehouse,GBP Rubik Warehouse
Transwarp Workflow Warehouse,GBP Workflow Warehouse
Transwarp Transporter Warehouse,GBP Transporter Warehouse
Transwarp Sophon Warehouse,GBP Sophon Warehouse
Transwarp Pilot Warehouse,GBP Pilot Warehouse
Transwarp Waterdrop Warehouse,GBP Waterdrop Warehouse
Transwarp WindRunner Warehouse,GBP WindRunner Warehouse
Transwarp Inceptor GateWay Warehouse,GBP Inceptor GateWay Warehouse
Transwarp Inceptor Evaluation Only Warehouse,GBP Inceptor Evaluation Only Warehouse
Transwarp Sophon AT Warehouse,GBP Sophon AT Warehouse
Transwarp Sophon DL Warehouse,GBP Sophon DL Warehouse
Transwarp Sophon CV Warehouse,GBP Sophon CV Warehouse
Transwarp Sophon KG Warehouse,GBP Sophon KG Warehouse
Transwarp Sophon ST Warehouse,GBP Sophon ST Warehouse
Transwarp Sophon IoT Warehouse,GBP Sophon IoT Warehouse
