Transwarp Manager Warehouse,HBP Manager Warehouse
Transwarp Hadoop Warehouse,HBP Hadoop Warehouse
Transwarp Hyperbase Warehouse,HBP Hyperbase Warehouse
Transwarp Inceptor Realtime,HBP Inceptor Realtime
Transwarp Streaming Realtime,HBP Streaming Realtime
Transwarp Discover Warehouse,HBP Discover Warehouse
Transwarp Holodesk Warehouse,HBP Holodesk Warehouse
Transwarp Search Engine Warehouse,HBP Search Engine Warehouse
Transwarp Studio Warehouse,HBP Studio Warehouse
Transwarp Midas Subscription,HBP Midas Subscription
Transwarp Governor Warehouse,HBP Governor Warehouse
Transwarp Rubik Warehouse,HBP Rubik Warehouse
Transwarp Workflow Warehouse,HBP Workflow Warehouse
Transwarp Transporter Warehouse,HBP Transporter Warehouse
Transwarp Sophon Warehouse,HBP Sophon Warehouse
Transwarp Pilot Warehouse,HBP Pilot Warehouse
Transwarp Waterdrop Warehouse,HBP Waterdrop Warehouse
Transwarp WindRunner Warehouse,HBP WindRunner Warehouse
Transwarp Inceptor GateWay Warehouse,HBP Inceptor GateWay Warehouse
Transwarp Inceptor Evaluation Only Warehouse,HBP Inceptor Evaluation Only Warehouse
Transwarp Sophon AT Warehouse,HBP Sophon AT Warehouse
Transwarp Sophon DL Warehouse,HBP Sophon DL Warehouse
Transwarp Sophon CV Warehouse,HBP Sophon CV Warehouse
Transwarp Sophon KG Warehouse,HBP Sophon KG Warehouse
Transwarp Sophon ST Warehouse,HBP Sophon ST Warehouse
Transwarp Sophon IoT Warehouse,HBP Sophon IoT Warehouse
