Transwarp Manager Warehouse,Insight Manager Warehouse
Transwarp Hadoop Warehouse,Insight Hadoop Warehouse
Transwarp Hyperbase Warehouse,Insight Hyperbase Warehouse
Transwarp Inceptor Realtime,Insight Tuna Realtime
Transwarp Streaming Realtime,Insight InLink Realtime
Transwarp Discover Warehouse,Insight ML Space Warehouse
Transwarp Holodesk Warehouse,Insight IRC File Warehouse
Transwarp Search Engine Warehouse,Insight Search Engine Warehouse
Transwarp Studio Warehouse,Insight Toolkit Warehouse
Transwarp Midas Subscription,Insight Midas Subscription
Transwarp Governor Warehouse,Insight Meta-Navigator Warehouse
Transwarp Rubik Warehouse,Insight Cube-Designer Warehouse
Transwarp Workflow Warehouse,Insight Workflow Warehouse
Transwarp Transporter Warehouse,Insight ETL-Toolkit Warehouse
Transwarp Sophon Warehouse,Insight AI Space Warehouse
Transwarp Pilot Warehouse,Insight Pilot Warehouse
Transwarp Waterdrop Warehouse,Insight SQL-Developer Warehouse
Transwarp WindRunner Warehouse,Insight IWR Warehouse
Transwarp Inceptor GateWay Warehouse,Insight TunaGateway Warehouse
Transwarp Inceptor Evaluation Only Warehouse,Insight Tuna Evaluation Only Warehouse
Transwarp Sophon AT Warehouse,Insight AI Space AT Warehouse
Transwarp Sophon DL Warehouse,Insight AI Space DL Warehouse
Transwarp Sophon CV Warehouse,Insight AI Space CV Warehouse
Transwarp Sophon KG Warehouse,Insight AI Space KG Warehouse
Transwarp Sophon ST Warehouse,Insight AI Space ST Warehouse
Transwarp Sophon IoT Warehouse,Insight AI Space IoT Warehouse
