Transwarp Manager Warehouse,Cetcloud Manager Warehouse
Transwarp Hadoop Warehouse,Cetcloud Hadoop Warehouse
Transwarp Hyperbase Warehouse,Cetcloud Hyperbase Warehouse
Transwarp Inceptor Realtime,Cetcloud Tn Realtime
Transwarp Streaming Realtime,Cetcloud ILink Realtime
Transwarp Discover Warehouse,Cetcloud ML Platform Warehouse
Transwarp Holodesk Warehouse,Cetcloud IRC File Warehouse
Transwarp Search Engine Warehouse,Cetcloud Search Engine Warehouse
Transwarp Studio Warehouse,Cetcloud Toolkit Warehouse
Transwarp Midas Subscription,Cetcloud Midas Subscription
Transwarp Governor Warehouse,Cetcloud Meta-Navigator Warehouse
Transwarp Rubik Warehouse,Cetcloud Cube-Designers Warehouse
Transwarp Workflow Warehouse,Cetcloud Workflow Warehouse
Transwarp Transporter Warehouse,Cetcloud ETL-Tools Warehouse
Transwarp Sophon Warehouse,Cetcloud AI Platform Warehouse
Transwarp Pilot Warehouse,Cetcloud Pilot Warehouse
Transwarp Waterdrop Warehouse,Cetcloud SQL-Developer Warehouse
Transwarp WindRunner Warehouse,Cetcloud IWR Warehouse
Transwarp Inceptor GateWay Warehouse,Cetcloud TGateway Warehouse
Transwarp Inceptor Evaluation Only Warehouse,Cetcloud Tn Evaluation Only Warehouse
Transwarp Sophon AT Warehouse,Cetcloud AI Platform AT Warehouse
Transwarp Sophon DL Warehouse,Cetcloud AI Platform DL Warehouse
Transwarp Sophon CV Warehouse,Cetcloud AI Platform CV Warehouse
Transwarp Sophon KG Warehouse,Cetcloud AI Platform KG Warehouse
Transwarp Sophon ST Warehouse,Cetcloud AI Platform ST Warehouse
Transwarp Sophon IoT Warehouse,Cetcloud AI Platform IoT Warehouse
